attempt,beam_width,checkpoint_sha256,commit,gpu_headroom_bytes,implementation,log_path,method,move_count,observed_output_dim,orchestrator_wall_s,output_dim,peak_device_used_bytes,peak_device_used_mib,returncode,search_wall_s,seconds_per_depth,status,stream1_concurrency,stream1_row_budget,stream1_row_budget_attempts,stream3_ring_slots
1,25165824,7f5071e6155c4eb7718539bf990a4234404f06c2979307d8e3cdcd37a539b759,a1db0e6d9bb5458c8a842b37dfa99572d3025667,268435456,MultiGPUBeamSearch WORLD_SIZE=1,/kaggle/working/paper_paired_sweep/multigpu_beam_search_out1_beam25165824_attempt1/combined.log,multigpu_beam_search,24,1,3175.277015209198,1,12862881792,12267.0,0,3027.672875526,378.45910944075,completed,auto,49152,"[{'stream1_row_budget': 49152, 'returncode': 0, 'retryable_profile_failure': False, 'search_wall_s': 3027.672875526, 'peak_device_used_mib': 12267.0}]",auto
1,27262976,7f5071e6155c4eb7718539bf990a4234404f06c2979307d8e3cdcd37a539b759,a1db0e6d9bb5458c8a842b37dfa99572d3025667,268435456,MultiGPUBeamSearch WORLD_SIZE=1,/kaggle/working/paper_paired_sweep/multigpu_beam_search_out1_beam27262976_attempt1/combined.log,multigpu_beam_search,24,1,3080.7986946105957,1,13884194816,13241.0,0,3080.205925864,385.025740733,completed,auto,49152,"[{'stream1_row_budget': 49152, 'returncode': 0, 'retryable_profile_failure': False, 'search_wall_s': 3080.205925864, 'peak_device_used_mib': 13241.0}]",auto
1,29360128,7f5071e6155c4eb7718539bf990a4234404f06c2979307d8e3cdcd37a539b759,a1db0e6d9bb5458c8a842b37dfa99572d3025667,268435456,MultiGPUBeamSearch WORLD_SIZE=1,/kaggle/working/paper_paired_sweep/multigpu_beam_search_out1_beam29360128_attempt1/combined.log,multigpu_beam_search,24,1,3169.5546510219574,1,14905507840,14215.0,0,3168.948934391001,396.1186167988751,completed,auto,49152,"[{'stream1_row_budget': 49152, 'returncode': 0, 'retryable_profile_failure': False, 'search_wall_s': 3168.948934391001, 'peak_device_used_mib': 14215.0}]",auto
1,1048576,e7bda332b53acc9363edd8ec682a211c1a8b8a315ec26ff8e8928efa5d2ca670,a1db0e6d9bb5458c8a842b37dfa99572d3025667,268435456,MultiGPUBeamSearch WORLD_SIZE=1,/kaggle/working/paper_paired_sweep/multigpu_beam_search_out24_beam1048576_attempt1/combined.log,multigpu_beam_search,24,24,12.567249774932861,24,810549248,773.0,0,8.296285258998978,1.0370356573748722,completed,auto,2048,"[{'stream1_row_budget': 2048, 'returncode': 0, 'retryable_profile_failure': False, 'search_wall_s': 8.296285258998978, 'peak_device_used_mib': 773.0}]",auto
1,4194304,e7bda332b53acc9363edd8ec682a211c1a8b8a315ec26ff8e8928efa5d2ca670,a1db0e6d9bb5458c8a842b37dfa99572d3025667,268435456,MultiGPUBeamSearch WORLD_SIZE=1,/kaggle/working/paper_paired_sweep/multigpu_beam_search_out24_beam4194304_attempt1/combined.log,multigpu_beam_search,24,24,23.17918610572815,24,2362441728,2253.0,0,22.734930085000087,2.841866260625011,completed,auto,2048,"[{'stream1_row_budget': 2048, 'returncode': 0, 'retryable_profile_failure': False, 'search_wall_s': 22.734930085000087, 'peak_device_used_mib': 2253.0}]",auto
1,8388608,e7bda332b53acc9363edd8ec682a211c1a8b8a315ec26ff8e8928efa5d2ca670,a1db0e6d9bb5458c8a842b37dfa99572d3025667,268435456,MultiGPUBeamSearch WORLD_SIZE=1,/kaggle/working/paper_paired_sweep/multigpu_beam_search_out24_beam8388608_attempt1/combined.log,multigpu_beam_search,24,24,41.531442165374756,24,4361027584,4159.0,0,41.09066399399853,5.136332999249817,completed,auto,2048,"[{'stream1_row_budget': 2048, 'returncode': 0, 'retryable_profile_failure': False, 'search_wall_s': 41.09066399399853, 'peak_device_used_mib': 4159.0}]",auto
1,16777216,e7bda332b53acc9363edd8ec682a211c1a8b8a315ec26ff8e8928efa5d2ca670,a1db0e6d9bb5458c8a842b37dfa99572d3025667,268435456,MultiGPUBeamSearch WORLD_SIZE=1,/kaggle/working/paper_paired_sweep/multigpu_beam_search_out24_beam16777216_attempt1/combined.log,multigpu_beam_search,24,24,77.89960193634033,24,8370782208,7983.0,0,77.46003511899835,9.682504389874794,completed,auto,2048,"[{'stream1_row_budget': 2048, 'returncode': 0, 'retryable_profile_failure': False, 'search_wall_s': 77.46003511899835, 'peak_device_used_mib': 7983.0}]",auto
1,20971520,e7bda332b53acc9363edd8ec682a211c1a8b8a315ec26ff8e8928efa5d2ca670,a1db0e6d9bb5458c8a842b37dfa99572d3025667,268435456,MultiGPUBeamSearch WORLD_SIZE=1,/kaggle/working/paper_paired_sweep/multigpu_beam_search_out24_beam20971520_attempt1/combined.log,multigpu_beam_search,24,24,96.59082818031311,24,10373562368,9893.0,0,96.12358873000085,12.015448591250106,completed,auto,2048,"[{'stream1_row_budget': 2048, 'returncode': 0, 'retryable_profile_failure': False, 'search_wall_s': 96.12358873000085, 'peak_device_used_mib': 9893.0}]",auto
1,25165824,e7bda332b53acc9363edd8ec682a211c1a8b8a315ec26ff8e8928efa5d2ca670,a1db0e6d9bb5458c8a842b37dfa99572d3025667,268435456,MultiGPUBeamSearch WORLD_SIZE=1,/kaggle/working/paper_paired_sweep/multigpu_beam_search_out24_beam25165824_attempt1/combined.log,multigpu_beam_search,24,24,111.57661509513855,24,12372148224,11799.0,0,111.13043572999959,13.891304466249949,completed,auto,2048,"[{'stream1_row_budget': 2048, 'returncode': 0, 'retryable_profile_failure': False, 'search_wall_s': 111.13043572999959, 'peak_device_used_mib': 11799.0}]",auto
1,29360128,e7bda332b53acc9363edd8ec682a211c1a8b8a315ec26ff8e8928efa5d2ca670,a1db0e6d9bb5458c8a842b37dfa99572d3025667,268435456,MultiGPUBeamSearch WORLD_SIZE=1,/kaggle/working/paper_paired_sweep/multigpu_beam_search_out24_beam29360128_attempt1/combined.log,multigpu_beam_search,24,24,117.34971308708191,24,14383316992,13717.0,0,116.90421009599959,14.613026261999948,completed,auto,2048,"[{'stream1_row_budget': 2048, 'returncode': 0, 'retryable_profile_failure': False, 'search_wall_s': 116.90421009599959, 'peak_device_used_mib': 13717.0}]",auto
1,33554432,e7bda332b53acc9363edd8ec682a211c1a8b8a315ec26ff8e8928efa5d2ca670,a1db0e6d9bb5458c8a842b37dfa99572d3025667,268435456,MultiGPUBeamSearch WORLD_SIZE=1,/kaggle/working/paper_paired_sweep/multigpu_beam_search_out24_beam33554432_attempt1/combined.log,multigpu_beam_search,24,24,12.03683352470398,24,15633219584,14909.0,-6,1.5631867200008855,0.1953983400001107,cuda_oom,auto,,"[{'stream1_row_budget': 2048, 'returncode': -6, 'retryable_profile_failure': True, 'search_wall_s': 0.758111380999253, 'peak_device_used_mib': 14713.0}, {'stream1_row_budget': 1024, 'returncode': -6, 'retryable_profile_failure': True, 'search_wall_s': 0.8130357049994927, 'peak_device_used_mib': 14909.0}, {'stream1_row_budget': 512, 'returncode': -6, 'retryable_profile_failure': True, 'search_wall_s': 0.8226477730004262, 'peak_device_used_mib': 14909.0}, {'stream1_row_budget': 256, 'returncode': -6, 'retryable_profile_failure': True, 'search_wall_s': 0.8441448159992433, 'peak_device_used_mib': 14909.0}, {'stream1_row_budget': 128, 'returncode': -6, 'retryable_profile_failure': True, 'search_wall_s': 0.8357513720002316, 'peak_device_used_mib': 14909.0}, {'stream1_row_budget': 64, 'returncode': -6, 'retryable_profile_failure': True, 'search_wall_s': 0.8409741270006634, 'peak_device_used_mib': 14909.0}, {'stream1_row_budget': 42, 'returncode': -6, 'retryable_profile_failure': True, 'search_wall_s': 0.8445666349998646, 'peak_device_used_mib': 14909.0}, {'stream1_row_budget': 32, 'returncode': -6, 'retryable_profile_failure': True, 'search_wall_s': 0.8391695329992217, 'peak_device_used_mib': 14909.0}, {'stream1_row_budget': 16, 'returncode': -6, 'retryable_profile_failure': True, 'search_wall_s': 0.8372799280004983, 'peak_device_used_mib': 14907.0}, {'stream1_row_budget': 8, 'returncode': -6, 'retryable_profile_failure': True, 'search_wall_s': 0.8563411340001039, 'peak_device_used_mib': 14909.0}, {'stream1_row_budget': 4, 'returncode': -6, 'retryable_profile_failure': True, 'search_wall_s': 0.8494819669995195, 'peak_device_used_mib': 14909.0}, {'stream1_row_budget': 2, 'returncode': -6, 'retryable_profile_failure': True, 'search_wall_s': 0.8518221590002213, 'peak_device_used_mib': 14909.0}, {'stream1_row_budget': 1, 'returncode': -6, 'retryable_profile_failure': True, 'search_wall_s': 1.5631867200008855, 'peak_device_used_mib': 14909.0}]",auto
