attempt,beam_width,checkpoint_sha256,commit,implementation,log_path,method,move_count,observed_output_dim,orchestrator_wall_s,output_dim,returncode,status
1,65536,7f5071e6155c4eb7718539bf990a4234404f06c2979307d8e3cdcd37a539b759,a1db0e6d9bb5458c8a842b37dfa99572d3025667,MultiGPUBeamSearch WORLD_SIZE=1,/kaggle/working/paper_paired_sweep/multigpu_beam_search_out1_beam65536_attempt1/combined.log,multigpu_beam_search,24,1,158.04793548583984,1,0,completed
1,262144,7f5071e6155c4eb7718539bf990a4234404f06c2979307d8e3cdcd37a539b759,a1db0e6d9bb5458c8a842b37dfa99572d3025667,MultiGPUBeamSearch WORLD_SIZE=1,/kaggle/working/paper_paired_sweep/multigpu_beam_search_out1_beam262144_attempt1/combined.log,multigpu_beam_search,24,1,41.010359048843384,1,0,completed
1,1048576,7f5071e6155c4eb7718539bf990a4234404f06c2979307d8e3cdcd37a539b759,a1db0e6d9bb5458c8a842b37dfa99572d3025667,MultiGPUBeamSearch WORLD_SIZE=1,/kaggle/working/paper_paired_sweep/multigpu_beam_search_out1_beam1048576_attempt1/combined.log,multigpu_beam_search,24,1,153.921142578125,1,0,completed
1,4194304,7f5071e6155c4eb7718539bf990a4234404f06c2979307d8e3cdcd37a539b759,a1db0e6d9bb5458c8a842b37dfa99572d3025667,MultiGPUBeamSearch WORLD_SIZE=1,/kaggle/working/paper_paired_sweep/multigpu_beam_search_out1_beam4194304_attempt1/combined.log,multigpu_beam_search,24,1,478.0002386569977,1,0,completed
1,8388608,7f5071e6155c4eb7718539bf990a4234404f06c2979307d8e3cdcd37a539b759,a1db0e6d9bb5458c8a842b37dfa99572d3025667,MultiGPUBeamSearch WORLD_SIZE=1,/kaggle/working/paper_paired_sweep/multigpu_beam_search_out1_beam8388608_attempt1/combined.log,multigpu_beam_search,24,1,895.9619338512421,1,0,completed
1,16777216,7f5071e6155c4eb7718539bf990a4234404f06c2979307d8e3cdcd37a539b759,a1db0e6d9bb5458c8a842b37dfa99572d3025667,MultiGPUBeamSearch WORLD_SIZE=1,/kaggle/working/paper_paired_sweep/multigpu_beam_search_out1_beam16777216_attempt1/combined.log,multigpu_beam_search,24,1,1733.6022562980652,1,0,completed
1,20971520,7f5071e6155c4eb7718539bf990a4234404f06c2979307d8e3cdcd37a539b759,a1db0e6d9bb5458c8a842b37dfa99572d3025667,MultiGPUBeamSearch WORLD_SIZE=1,/kaggle/working/paper_paired_sweep/multigpu_beam_search_out1_beam20971520_attempt1/combined.log,multigpu_beam_search,24,1,2186.1136758327484,1,0,completed
1,25165824,7f5071e6155c4eb7718539bf990a4234404f06c2979307d8e3cdcd37a539b759,a1db0e6d9bb5458c8a842b37dfa99572d3025667,MultiGPUBeamSearch WORLD_SIZE=1,/kaggle/working/paper_paired_sweep/multigpu_beam_search_out1_beam25165824_attempt1/combined.log,multigpu_beam_search,24,1,2423.368221759796,1,0,completed
1,29360128,7f5071e6155c4eb7718539bf990a4234404f06c2979307d8e3cdcd37a539b759,a1db0e6d9bb5458c8a842b37dfa99572d3025667,MultiGPUBeamSearch WORLD_SIZE=1,/kaggle/working/paper_paired_sweep/multigpu_beam_search_out1_beam29360128_attempt1/combined.log,multigpu_beam_search,24,1,2.605724334716797,1,-6,cuda_oom
2,29360128,7f5071e6155c4eb7718539bf990a4234404f06c2979307d8e3cdcd37a539b759,a1db0e6d9bb5458c8a842b37dfa99572d3025667,MultiGPUBeamSearch WORLD_SIZE=1,/kaggle/working/paper_paired_sweep/multigpu_beam_search_out1_beam29360128_attempt2/combined.log,multigpu_beam_search,24,1,2.5484611988067627,1,-6,cuda_oom
1,65536,e7bda332b53acc9363edd8ec682a211c1a8b8a315ec26ff8e8928efa5d2ca670,a1db0e6d9bb5458c8a842b37dfa99572d3025667,MultiGPUBeamSearch WORLD_SIZE=1,/kaggle/working/paper_paired_sweep/multigpu_beam_search_out24_beam65536_attempt1/combined.log,multigpu_beam_search,24,24,3.588397979736328,24,-6,process_exit
2,65536,e7bda332b53acc9363edd8ec682a211c1a8b8a315ec26ff8e8928efa5d2ca670,a1db0e6d9bb5458c8a842b37dfa99572d3025667,MultiGPUBeamSearch WORLD_SIZE=1,/kaggle/working/paper_paired_sweep/multigpu_beam_search_out24_beam65536_attempt2/combined.log,multigpu_beam_search,24,24,0.9338541030883789,24,-6,process_exit
