sample_wall_sec,timestamp,index,name,utilization_gpu_pct,memory_used_mib,memory_total_mib,power_draw_w
0.030,2026/08/12 15:49:11.511, 0, Tesla P100-PCIE-16GB, 0, 0, 16384, 26.02
5.059,2026/08/12 15:49:16.541, 0, Tesla P100-PCIE-16GB, 99, 1949, 16384, 200.72
10.090,2026/08/12 15:49:21.570, 0, Tesla P100-PCIE-16GB, 99, 1949, 16384, 202.59
15.122,2026/08/12 15:49:26.602, 0, Tesla P100-PCIE-16GB, 100, 1949, 16384, 209.43
20.152,2026/08/12 15:49:31.634, 0, Tesla P100-PCIE-16GB, 99, 1949, 16384, 214.69
25.183,2026/08/12 15:49:36.665, 0, Tesla P100-PCIE-16GB, 99, 1949, 16384, 213.73
30.213,2026/08/12 15:49:41.694, 0, Tesla P100-PCIE-16GB, 99, 1949, 16384, 218.28
35.244,2026/08/12 15:49:46.725, 0, Tesla P100-PCIE-16GB, 100, 1949, 16384, 211.28
40.274,2026/08/12 15:49:51.756, 0, Tesla P100-PCIE-16GB, 99, 1949, 16384, 213.85
45.307,2026/08/12 15:49:56.786, 0, Tesla P100-PCIE-16GB, 99, 1949, 16384, 214.71
50.338,2026/08/12 15:50:01.819, 0, Tesla P100-PCIE-16GB, 100, 1949, 16384, 225.59
55.368,2026/08/12 15:50:06.850, 0, Tesla P100-PCIE-16GB, 99, 1949, 16384, 226.32
60.397,2026/08/12 15:50:11.880, 0, Tesla P100-PCIE-16GB, 99, 1949, 16384, 228.66
65.427,2026/08/12 15:50:16.909, 0, Tesla P100-PCIE-16GB, 99, 1949, 16384, 219.50
70.457,2026/08/12 15:50:21.939, 0, Tesla P100-PCIE-16GB, 99, 1949, 16384, 218.61
75.486,2026/08/12 15:50:26.969, 0, Tesla P100-PCIE-16GB, 99, 1949, 16384, 219.71
80.517,2026/08/12 15:50:31.999, 0, Tesla P100-PCIE-16GB, 100, 1949, 16384, 218.53
85.546,2026/08/12 15:50:37.029, 0, Tesla P100-PCIE-16GB, 99, 1949, 16384, 223.40
90.576,2026/08/12 15:50:42.058, 0, Tesla P100-PCIE-16GB, 99, 1949, 16384, 225.23
95.605,2026/08/12 15:50:47.087, 0, Tesla P100-PCIE-16GB, 99, 1949, 16384, 227.08
100.635,2026/08/12 15:50:52.117, 0, Tesla P100-PCIE-16GB, 99, 1949, 16384, 235.76
105.666,2026/08/12 15:50:57.147, 0, Tesla P100-PCIE-16GB, 99, 1949, 16384, 224.51
110.697,2026/08/12 15:51:02.178, 0, Tesla P100-PCIE-16GB, 99, 1949, 16384, 222.81
115.727,2026/08/12 15:51:07.208, 0, Tesla P100-PCIE-16GB, 99, 1949, 16384, 233.56
120.758,2026/08/12 15:51:12.240, 0, Tesla P100-PCIE-16GB, 99, 1949, 16384, 234.78
125.788,2026/08/12 15:51:17.270, 0, Tesla P100-PCIE-16GB, 99, 1949, 16384, 232.58
130.819,2026/08/12 15:51:22.301, 0, Tesla P100-PCIE-16GB, 99, 1949, 16384, 231.85
135.852,2026/08/12 15:51:27.331, 0, Tesla P100-PCIE-16GB, 99, 1949, 16384, 231.24
140.882,2026/08/12 15:51:32.364, 0, Tesla P100-PCIE-16GB, 99, 1949, 16384, 231.75
145.913,2026/08/12 15:51:37.395, 0, Tesla P100-PCIE-16GB, 99, 1949, 16384, 231.15
150.944,2026/08/12 15:51:42.425, 0, Tesla P100-PCIE-16GB, 99, 1949, 16384, 227.81
155.978,2026/08/12 15:51:47.456, 0, Tesla P100-PCIE-16GB, 99, 1949, 16384, 229.06
161.008,2026/08/12 15:51:52.490, 0, Tesla P100-PCIE-16GB, 99, 1949, 16384, 228.17
166.039,2026/08/12 15:51:57.520, 0, Tesla P100-PCIE-16GB, 99, 1949, 16384, 225.51
171.069,2026/08/12 15:52:02.551, 0, Tesla P100-PCIE-16GB, 99, 1949, 16384, 220.48
176.102,2026/08/12 15:52:07.581, 0, Tesla P100-PCIE-16GB, 99, 1949, 16384, 232.24
181.133,2026/08/12 15:52:12.614, 0, Tesla P100-PCIE-16GB, 99, 1949, 16384, 232.62
186.162,2026/08/12 15:52:17.644, 0, Tesla P100-PCIE-16GB, 99, 1949, 16384, 232.22
191.192,2026/08/12 15:52:22.674, 0, Tesla P100-PCIE-16GB, 99, 1949, 16384, 228.81
196.222,2026/08/12 15:52:27.704, 0, Tesla P100-PCIE-16GB, 99, 1949, 16384, 222.93
201.251,2026/08/12 15:52:32.734, 0, Tesla P100-PCIE-16GB, 99, 1949, 16384, 225.02
206.283,2026/08/12 15:52:37.764, 0, Tesla P100-PCIE-16GB, 99, 1949, 16384, 230.87
211.314,2026/08/12 15:52:42.795, 0, Tesla P100-PCIE-16GB, 99, 1949, 16384, 224.29
216.343,2026/08/12 15:52:47.825, 0, Tesla P100-PCIE-16GB, 99, 1949, 16384, 225.38
221.374,2026/08/12 15:52:52.855, 0, Tesla P100-PCIE-16GB, 99, 1949, 16384, 233.71
226.402,2026/08/12 15:52:57.885, 0, Tesla P100-PCIE-16GB, 99, 1949, 16384, 222.92
231.432,2026/08/12 15:53:02.914, 0, Tesla P100-PCIE-16GB, 99, 1949, 16384, 229.30
236.463,2026/08/12 15:53:07.944, 0, Tesla P100-PCIE-16GB, 99, 1949, 16384, 222.53
241.491,2026/08/12 15:53:12.974, 0, Tesla P100-PCIE-16GB, 99, 1949, 16384, 230.51
246.522,2026/08/12 15:53:18.003, 0, Tesla P100-PCIE-16GB, 99, 1949, 16384, 229.92
251.551,2026/08/12 15:53:23.033, 0, Tesla P100-PCIE-16GB, 99, 1949, 16384, 222.32
256.581,2026/08/12 15:53:28.063, 0, Tesla P100-PCIE-16GB, 99, 1949, 16384, 225.38
261.611,2026/08/12 15:53:33.093, 0, Tesla P100-PCIE-16GB, 99, 1949, 16384, 230.41
266.642,2026/08/12 15:53:38.123, 0, Tesla P100-PCIE-16GB, 99, 1949, 16384, 226.10
271.672,2026/08/12 15:53:43.153, 0, Tesla P100-PCIE-16GB, 99, 1949, 16384, 228.70
276.709,2026/08/12 15:53:48.188, 0, Tesla P100-PCIE-16GB, 99, 1949, 16384, 202.85
281.740,2026/08/12 15:53:53.221, 0, Tesla P100-PCIE-16GB, 99, 1949, 16384, 229.19
286.770,2026/08/12 15:53:58.252, 0, Tesla P100-PCIE-16GB, 100, 1949, 16384, 217.09
291.801,2026/08/12 15:54:03.283, 0, Tesla P100-PCIE-16GB, 99, 1949, 16384, 226.12
296.831,2026/08/12 15:54:08.313, 0, Tesla P100-PCIE-16GB, 99, 1949, 16384, 232.24
301.861,2026/08/12 15:54:13.343, 0, Tesla P100-PCIE-16GB, 99, 1949, 16384, 226.70
306.890,2026/08/12 15:54:18.372, 0, Tesla P100-PCIE-16GB, 99, 1949, 16384, 220.97
311.921,2026/08/12 15:54:23.403, 0, Tesla P100-PCIE-16GB, 99, 1949, 16384, 224.25
316.951,2026/08/12 15:54:28.433, 0, Tesla P100-PCIE-16GB, 99, 1949, 16384, 227.10
321.982,2026/08/12 15:54:33.464, 0, Tesla P100-PCIE-16GB, 99, 1949, 16384, 222.19
327.016,2026/08/12 15:54:38.494, 0, Tesla P100-PCIE-16GB, 99, 1949, 16384, 224.65
332.046,2026/08/12 15:54:43.528, 0, Tesla P100-PCIE-16GB, 100, 1949, 16384, 230.28
337.075,2026/08/12 15:54:48.558, 0, Tesla P100-PCIE-16GB, 99, 1949, 16384, 225.38
342.109,2026/08/12 15:54:53.587, 0, Tesla P100-PCIE-16GB, 99, 1949, 16384, 226.00
347.142,2026/08/12 15:54:58.621, 0, Tesla P100-PCIE-16GB, 99, 1949, 16384, 228.21
352.173,2026/08/12 15:55:03.654, 0, Tesla P100-PCIE-16GB, 99, 1949, 16384, 228.57
357.203,2026/08/12 15:55:08.685, 0, Tesla P100-PCIE-16GB, 99, 1949, 16384, 228.92
362.234,2026/08/12 15:55:13.715, 0, Tesla P100-PCIE-16GB, 100, 1949, 16384, 228.21
367.265,2026/08/12 15:55:18.746, 0, Tesla P100-PCIE-16GB, 99, 1949, 16384, 228.70
372.295,2026/08/12 15:55:23.776, 0, Tesla P100-PCIE-16GB, 99, 1949, 16384, 232.00
377.325,2026/08/12 15:55:28.807, 0, Tesla P100-PCIE-16GB, 99, 1949, 16384, 223.30
382.358,2026/08/12 15:55:33.837, 0, Tesla P100-PCIE-16GB, 99, 1949, 16384, 225.38
387.388,2026/08/12 15:55:38.870, 0, Tesla P100-PCIE-16GB, 99, 1949, 16384, 221.85
392.419,2026/08/12 15:55:43.901, 0, Tesla P100-PCIE-16GB, 99, 1949, 16384, 227.23
397.449,2026/08/12 15:55:48.931, 0, Tesla P100-PCIE-16GB, 99, 1949, 16384, 228.56
402.482,2026/08/12 15:55:53.961, 0, Tesla P100-PCIE-16GB, 99, 1949, 16384, 225.87
407.513,2026/08/12 15:55:58.995, 0, Tesla P100-PCIE-16GB, 99, 1949, 16384, 231.49
412.545,2026/08/12 15:56:04.026, 0, Tesla P100-PCIE-16GB, 99, 1949, 16384, 223.06
417.575,2026/08/12 15:56:09.057, 0, Tesla P100-PCIE-16GB, 99, 1949, 16384, 221.59
422.609,2026/08/12 15:56:14.087, 0, Tesla P100-PCIE-16GB, 99, 1949, 16384, 230.75
427.639,2026/08/12 15:56:19.121, 0, Tesla P100-PCIE-16GB, 99, 1949, 16384, 225.76
432.669,2026/08/12 15:56:24.151, 0, Tesla P100-PCIE-16GB, 99, 1949, 16384, 232.98
437.700,2026/08/12 15:56:29.181, 0, Tesla P100-PCIE-16GB, 99, 1949, 16384, 225.76
442.729,2026/08/12 15:56:34.211, 0, Tesla P100-PCIE-16GB, 99, 1949, 16384, 228.32
447.759,2026/08/12 15:56:39.241, 0, Tesla P100-PCIE-16GB, 99, 1949, 16384, 229.43
452.789,2026/08/12 15:56:44.271, 0, Tesla P100-PCIE-16GB, 99, 1949, 16384, 234.33
457.822,2026/08/12 15:56:49.302, 0, Tesla P100-PCIE-16GB, 99, 1949, 16384, 230.90
462.853,2026/08/12 15:56:54.335, 0, Tesla P100-PCIE-16GB, 99, 1949, 16384, 224.29
467.884,2026/08/12 15:56:59.365, 0, Tesla P100-PCIE-16GB, 99, 1949, 16384, 226.62
472.916,2026/08/12 15:57:04.397, 0, Tesla P100-PCIE-16GB, 99, 1949, 16384, 226.83
477.946,2026/08/12 15:57:09.428, 0, Tesla P100-PCIE-16GB, 99, 1949, 16384, 232.24
482.985,2026/08/12 15:57:14.464, 0, Tesla P100-PCIE-16GB, 99, 1949, 16384, 227.34
488.014,2026/08/12 15:57:19.497, 0, Tesla P100-PCIE-16GB, 99, 1949, 16384, 222.32
493.045,2026/08/12 15:57:24.527, 0, Tesla P100-PCIE-16GB, 99, 1949, 16384, 229.68
498.076,2026/08/12 15:57:29.557, 0, Tesla P100-PCIE-16GB, 99, 1949, 16384, 234.18
503.109,2026/08/12 15:57:34.589, 0, Tesla P100-PCIE-16GB, 99, 1949, 16384, 230.75
508.138,2026/08/12 15:57:39.620, 0, Tesla P100-PCIE-16GB, 99, 1949, 16384, 221.83
513.167,2026/08/12 15:57:44.649, 0, Tesla P100-PCIE-16GB, 99, 1949, 16384, 225.87
518.197,2026/08/12 15:57:49.679, 0, Tesla P100-PCIE-16GB, 99, 1949, 16384, 226.62
523.230,2026/08/12 15:57:54.709, 0, Tesla P100-PCIE-16GB, 99, 1949, 16384, 227.83
528.260,2026/08/12 15:57:59.742, 0, Tesla P100-PCIE-16GB, 99, 1949, 16384, 230.51
533.289,2026/08/12 15:58:04.771, 0, Tesla P100-PCIE-16GB, 99, 1949, 16384, 220.85
538.319,2026/08/12 15:58:09.801, 0, Tesla P100-PCIE-16GB, 99, 1949, 16384, 224.77
543.349,2026/08/12 15:58:14.831, 0, Tesla P100-PCIE-16GB, 99, 1949, 16384, 220.61
548.379,2026/08/12 15:58:19.861, 0, Tesla P100-PCIE-16GB, 99, 1949, 16384, 229.30
553.409,2026/08/12 15:58:24.891, 0, Tesla P100-PCIE-16GB, 99, 1949, 16384, 231.51
558.438,2026/08/12 15:58:29.920, 0, Tesla P100-PCIE-16GB, 99, 1949, 16384, 225.38
563.468,2026/08/12 15:58:34.950, 0, Tesla P100-PCIE-16GB, 99, 1949, 16384, 230.17
568.500,2026/08/12 15:58:39.980, 0, Tesla P100-PCIE-16GB, 99, 1949, 16384, 232.37
573.530,2026/08/12 15:58:45.012, 0, Tesla P100-PCIE-16GB, 99, 1949, 16384, 233.47
578.559,2026/08/12 15:58:50.041, 0, Tesla P100-PCIE-16GB, 99, 1949, 16384, 228.57
583.588,2026/08/12 15:58:55.071, 0, Tesla P100-PCIE-16GB, 100, 1949, 16384, 229.55
588.618,2026/08/12 15:59:00.100, 0, Tesla P100-PCIE-16GB, 99, 1949, 16384, 222.32
593.649,2026/08/12 15:59:05.131, 0, Tesla P100-PCIE-16GB, 99, 1949, 16384, 225.89
598.681,2026/08/12 15:59:10.160, 0, Tesla P100-PCIE-16GB, 99, 1949, 16384, 229.92
603.712,2026/08/12 15:59:15.194, 0, Tesla P100-PCIE-16GB, 99, 1949, 16384, 227.94
608.741,2026/08/12 15:59:20.223, 0, Tesla P100-PCIE-16GB, 99, 1949, 16384, 228.07
613.771,2026/08/12 15:59:25.253, 0, Tesla P100-PCIE-16GB, 99, 1949, 16384, 215.07
618.801,2026/08/12 15:59:30.283, 0, Tesla P100-PCIE-16GB, 99, 1949, 16384, 229.43
623.830,2026/08/12 15:59:35.312, 0, Tesla P100-PCIE-16GB, 99, 1949, 16384, 223.06
628.862,2026/08/12 15:59:40.341, 0, Tesla P100-PCIE-16GB, 100, 1949, 16384, 227.58
633.892,2026/08/12 15:59:45.374, 0, Tesla P100-PCIE-16GB, 99, 1949, 16384, 228.30
638.923,2026/08/12 15:59:50.405, 0, Tesla P100-PCIE-16GB, 99, 1949, 16384, 223.79
643.954,2026/08/12 15:59:55.436, 0, Tesla P100-PCIE-16GB, 99, 1949, 16384, 230.28
648.986,2026/08/12 16:00:00.465, 0, Tesla P100-PCIE-16GB, 99, 1949, 16384, 223.18
654.015,2026/08/12 16:00:05.497, 0, Tesla P100-PCIE-16GB, 99, 1949, 16384, 230.77
659.045,2026/08/12 16:00:10.527, 0, Tesla P100-PCIE-16GB, 99, 1949, 16384, 233.84
664.075,2026/08/12 16:00:15.557, 0, Tesla P100-PCIE-16GB, 99, 1949, 16384, 229.43
669.106,2026/08/12 16:00:20.586, 0, Tesla P100-PCIE-16GB, 99, 1949, 16384, 229.57
674.136,2026/08/12 16:00:25.617, 0, Tesla P100-PCIE-16GB, 99, 1949, 16384, 223.81
679.166,2026/08/12 16:00:30.647, 0, Tesla P100-PCIE-16GB, 99, 1949, 16384, 228.57
684.198,2026/08/12 16:00:35.677, 0, Tesla P100-PCIE-16GB, 99, 1949, 16384, 225.76
689.229,2026/08/12 16:00:40.710, 0, Tesla P100-PCIE-16GB, 99, 1949, 16384, 226.40
694.259,2026/08/12 16:00:45.741, 0, Tesla P100-PCIE-16GB, 99, 1949, 16384, 229.06
699.289,2026/08/12 16:00:50.771, 0, Tesla P100-PCIE-16GB, 99, 1949, 16384, 231.51
704.318,2026/08/12 16:00:55.800, 0, Tesla P100-PCIE-16GB, 99, 1949, 16384, 220.23
709.349,2026/08/12 16:01:00.830, 0, Tesla P100-PCIE-16GB, 99, 1949, 16384, 223.79
714.378,2026/08/12 16:01:05.860, 0, Tesla P100-PCIE-16GB, 99, 1949, 16384, 229.30
719.407,2026/08/12 16:01:10.890, 0, Tesla P100-PCIE-16GB, 99, 1949, 16384, 227.96
724.438,2026/08/12 16:01:15.919, 0, Tesla P100-PCIE-16GB, 99, 1949, 16384, 229.55
729.468,2026/08/12 16:01:20.950, 0, Tesla P100-PCIE-16GB, 99, 1949, 16384, 224.65
734.498,2026/08/12 16:01:25.980, 0, Tesla P100-PCIE-16GB, 99, 1949, 16384, 225.14
739.528,2026/08/12 16:01:31.010, 0, Tesla P100-PCIE-16GB, 99, 1949, 16384, 221.59
744.557,2026/08/12 16:01:36.039, 0, Tesla P100-PCIE-16GB, 99, 1949, 16384, 230.53
749.590,2026/08/12 16:01:41.069, 0, Tesla P100-PCIE-16GB, 99, 1949, 16384, 222.08
754.619,2026/08/12 16:01:46.101, 0, Tesla P100-PCIE-16GB, 99, 1949, 16384, 229.77
759.649,2026/08/12 16:01:51.131, 0, Tesla P100-PCIE-16GB, 99, 1949, 16384, 228.70
764.682,2026/08/12 16:01:56.161, 0, Tesla P100-PCIE-16GB, 99, 1949, 16384, 233.22
769.715,2026/08/12 16:02:01.194, 0, Tesla P100-PCIE-16GB, 99, 1949, 16384, 227.34
774.744,2026/08/12 16:02:06.226, 0, Tesla P100-PCIE-16GB, 99, 1949, 16384, 226.98
779.774,2026/08/12 16:02:11.256, 0, Tesla P100-PCIE-16GB, 99, 1949, 16384, 224.89
784.806,2026/08/12 16:02:16.287, 0, Tesla P100-PCIE-16GB, 99, 1949, 16384, 231.51
789.836,2026/08/12 16:02:21.318, 0, Tesla P100-PCIE-16GB, 99, 1949, 16384, 230.04
794.865,2026/08/12 16:02:26.348, 0, Tesla P100-PCIE-16GB, 99, 1949, 16384, 231.64
799.895,2026/08/12 16:02:31.377, 0, Tesla P100-PCIE-16GB, 99, 1949, 16384, 221.61
804.925,2026/08/12 16:02:36.407, 0, Tesla P100-PCIE-16GB, 99, 1949, 16384, 221.59
809.955,2026/08/12 16:02:41.437, 0, Tesla P100-PCIE-16GB, 99, 1949, 16384, 230.54
814.985,2026/08/12 16:02:46.467, 0, Tesla P100-PCIE-16GB, 99, 1949, 16384, 228.70
820.018,2026/08/12 16:02:51.497, 0, Tesla P100-PCIE-16GB, 99, 1949, 16384, 227.36
825.047,2026/08/12 16:02:56.529, 0, Tesla P100-PCIE-16GB, 99, 1949, 16384, 228.57
830.077,2026/08/12 16:03:01.559, 0, Tesla P100-PCIE-16GB, 99, 1949, 16384, 228.94
835.107,2026/08/12 16:03:06.589, 0, Tesla P100-PCIE-16GB, 99, 1949, 16384, 224.65
840.137,2026/08/12 16:03:11.618, 0, Tesla P100-PCIE-16GB, 99, 1949, 16384, 233.11
845.166,2026/08/12 16:03:16.648, 0, Tesla P100-PCIE-16GB, 99, 1949, 16384, 231.75
850.195,2026/08/12 16:03:21.677, 0, Tesla P100-PCIE-16GB, 99, 1949, 16384, 229.68
855.225,2026/08/12 16:03:26.707, 0, Tesla P100-PCIE-16GB, 99, 1949, 16384, 230.17
860.254,2026/08/12 16:03:31.736, 0, Tesla P100-PCIE-16GB, 99, 1949, 16384, 225.26
865.285,2026/08/12 16:03:36.766, 0, Tesla P100-PCIE-16GB, 99, 1949, 16384, 229.55
870.315,2026/08/12 16:03:41.797, 0, Tesla P100-PCIE-16GB, 99, 1949, 16384, 228.41
875.344,2026/08/12 16:03:46.827, 0, Tesla P100-PCIE-16GB, 99, 1949, 16384, 228.81
880.374,2026/08/12 16:03:51.856, 0, Tesla P100-PCIE-16GB, 99, 1949, 16384, 229.57
885.403,2026/08/12 16:03:56.886, 0, Tesla P100-PCIE-16GB, 99, 1949, 16384, 224.65
890.434,2026/08/12 16:04:01.916, 0, Tesla P100-PCIE-16GB, 99, 1949, 16384, 223.53
895.466,2026/08/12 16:04:06.945, 0, Tesla P100-PCIE-16GB, 100, 1949, 16384, 232.24
900.497,2026/08/12 16:04:11.979, 0, Tesla P100-PCIE-16GB, 99, 1949, 16384, 224.06
905.527,2026/08/12 16:04:17.009, 0, Tesla P100-PCIE-16GB, 99, 1949, 16384, 214.48
910.557,2026/08/12 16:04:22.039, 0, Tesla P100-PCIE-16GB, 99, 1949, 16384, 222.68
915.587,2026/08/12 16:04:27.070, 0, Tesla P100-PCIE-16GB, 99, 1949, 16384, 228.57
920.617,2026/08/12 16:04:32.099, 0, Tesla P100-PCIE-16GB, 99, 1949, 16384, 229.32
925.646,2026/08/12 16:04:37.128, 0, Tesla P100-PCIE-16GB, 99, 1949, 16384, 227.59
930.679,2026/08/12 16:04:42.158, 0, Tesla P100-PCIE-16GB, 99, 1949, 16384, 220.57
935.709,2026/08/12 16:04:47.191, 0, Tesla P100-PCIE-16GB, 99, 1949, 16384, 222.34
940.738,2026/08/12 16:04:52.220, 0, Tesla P100-PCIE-16GB, 99, 1949, 16384, 224.53
945.770,2026/08/12 16:04:57.250, 0, Tesla P100-PCIE-16GB, 99, 1949, 16384, 225.13
950.799,2026/08/12 16:05:02.281, 0, Tesla P100-PCIE-16GB, 99, 1949, 16384, 226.04
955.829,2026/08/12 16:05:07.311, 0, Tesla P100-PCIE-16GB, 99, 1949, 16384, 227.10
960.860,2026/08/12 16:05:12.340, 0, Tesla P100-PCIE-16GB, 99, 1949, 16384, 224.51
965.891,2026/08/12 16:05:17.372, 0, Tesla P100-PCIE-16GB, 99, 1949, 16384, 225.63
970.921,2026/08/12 16:05:22.403, 0, Tesla P100-PCIE-16GB, 99, 1949, 16384, 227.83
975.950,2026/08/12 16:05:27.432, 0, Tesla P100-PCIE-16GB, 99, 1949, 16384, 229.53
980.979,2026/08/12 16:05:32.462, 0, Tesla P100-PCIE-16GB, 99, 1949, 16384, 225.66
986.010,2026/08/12 16:05:37.492, 0, Tesla P100-PCIE-16GB, 99, 1949, 16384, 229.57
991.039,2026/08/12 16:05:42.521, 0, Tesla P100-PCIE-16GB, 99, 1949, 16384, 229.04
996.069,2026/08/12 16:05:47.551, 0, Tesla P100-PCIE-16GB, 99, 1949, 16384, 231.88
1001.099,2026/08/12 16:05:52.581, 0, Tesla P100-PCIE-16GB, 100, 1949, 16384, 231.51
1006.128,2026/08/12 16:05:57.610, 0, Tesla P100-PCIE-16GB, 99, 1949, 16384, 227.34
1011.159,2026/08/12 16:06:02.641, 0, Tesla P100-PCIE-16GB, 99, 1949, 16384, 225.26
1016.190,2026/08/12 16:06:07.672, 0, Tesla P100-PCIE-16GB, 99, 1949, 16384, 225.14
1021.220,2026/08/12 16:06:12.702, 0, Tesla P100-PCIE-16GB, 99, 1949, 16384, 223.90
1026.249,2026/08/12 16:06:17.731, 0, Tesla P100-PCIE-16GB, 99, 1949, 16384, 231.26
1031.279,2026/08/12 16:06:22.761, 0, Tesla P100-PCIE-16GB, 99, 1949, 16384, 233.07
1036.309,2026/08/12 16:06:27.791, 0, Tesla P100-PCIE-16GB, 99, 1949, 16384, 227.59
1041.342,2026/08/12 16:06:32.821, 0, Tesla P100-PCIE-16GB, 99, 1949, 16384, 224.77
1046.372,2026/08/12 16:06:37.854, 0, Tesla P100-PCIE-16GB, 99, 1949, 16384, 225.51
1051.401,2026/08/12 16:06:42.883, 0, Tesla P100-PCIE-16GB, 99, 1949, 16384, 228.81
1056.430,2026/08/12 16:06:47.913, 0, Tesla P100-PCIE-16GB, 99, 1949, 16384, 228.32
1061.459,2026/08/12 16:06:52.941, 0, Tesla P100-PCIE-16GB, 99, 1949, 16384, 230.53
1066.488,2026/08/12 16:06:57.970, 0, Tesla P100-PCIE-16GB, 99, 1949, 16384, 225.38
1071.518,2026/08/12 16:07:03.000, 0, Tesla P100-PCIE-16GB, 99, 1949, 16384, 230.28
1076.548,2026/08/12 16:07:08.030, 0, Tesla P100-PCIE-16GB, 99, 1949, 16384, 232.13
1081.578,2026/08/12 16:07:13.059, 0, Tesla P100-PCIE-16GB, 99, 1949, 16384, 224.89
1086.609,2026/08/12 16:07:18.089, 0, Tesla P100-PCIE-16GB, 99, 1949, 16384, 223.81
1091.639,2026/08/12 16:07:23.121, 0, Tesla P100-PCIE-16GB, 99, 1949, 16384, 232.13
1096.668,2026/08/12 16:07:28.150, 0, Tesla P100-PCIE-16GB, 99, 1949, 16384, 228.21
1101.698,2026/08/12 16:07:33.180, 0, Tesla P100-PCIE-16GB, 99, 1949, 16384, 229.06
1106.729,2026/08/12 16:07:38.211, 0, Tesla P100-PCIE-16GB, 99, 1949, 16384, 220.23
1111.758,2026/08/12 16:07:43.240, 0, Tesla P100-PCIE-16GB, 99, 1949, 16384, 232.13
1116.791,2026/08/12 16:07:48.270, 0, Tesla P100-PCIE-16GB, 100, 1949, 16384, 231.75
1121.821,2026/08/12 16:07:53.303, 0, Tesla P100-PCIE-16GB, 99, 1949, 16384, 225.02
1126.850,2026/08/12 16:07:58.332, 0, Tesla P100-PCIE-16GB, 99, 1949, 16384, 224.77
1131.881,2026/08/12 16:08:03.362, 0, Tesla P100-PCIE-16GB, 99, 1949, 16384, 232.62
1136.910,2026/08/12 16:08:08.392, 0, Tesla P100-PCIE-16GB, 99, 1949, 16384, 225.38
1141.940,2026/08/12 16:08:13.422, 0, Tesla P100-PCIE-16GB, 99, 1949, 16384, 227.47
1146.970,2026/08/12 16:08:18.452, 0, Tesla P100-PCIE-16GB, 99, 1949, 16384, 229.92
1152.004,2026/08/12 16:08:23.482, 0, Tesla P100-PCIE-16GB, 99, 1949, 16384, 231.00
1157.034,2026/08/12 16:08:28.516, 0, Tesla P100-PCIE-16GB, 99, 1949, 16384, 228.45
1162.064,2026/08/12 16:08:33.546, 0, Tesla P100-PCIE-16GB, 99, 1949, 16384, 222.92
1167.094,2026/08/12 16:08:38.576, 0, Tesla P100-PCIE-16GB, 99, 1949, 16384, 228.45
1172.124,2026/08/12 16:08:43.606, 0, Tesla P100-PCIE-16GB, 99, 1949, 16384, 227.85
1177.155,2026/08/12 16:08:48.637, 0, Tesla P100-PCIE-16GB, 99, 1949, 16384, 224.04
1182.184,2026/08/12 16:08:53.666, 0, Tesla P100-PCIE-16GB, 99, 1949, 16384, 225.52
1187.214,2026/08/12 16:08:58.696, 0, Tesla P100-PCIE-16GB, 99, 1949, 16384, 229.92
1192.243,2026/08/12 16:09:03.725, 0, Tesla P100-PCIE-16GB, 99, 1949, 16384, 231.26
1197.272,2026/08/12 16:09:08.754, 0, Tesla P100-PCIE-16GB, 100, 1949, 16384, 231.75
1202.301,2026/08/12 16:09:13.783, 0, Tesla P100-PCIE-16GB, 99, 1949, 16384, 231.51
1207.331,2026/08/12 16:09:18.813, 0, Tesla P100-PCIE-16GB, 99, 1949, 16384, 224.88
1212.362,2026/08/12 16:09:23.844, 0, Tesla P100-PCIE-16GB, 99, 1949, 16384, 224.77
1217.391,2026/08/12 16:09:28.874, 0, Tesla P100-PCIE-16GB, 99, 1949, 16384, 225.28
1222.422,2026/08/12 16:09:33.904, 0, Tesla P100-PCIE-16GB, 99, 1949, 16384, 228.83
1227.452,2026/08/12 16:09:38.934, 0, Tesla P100-PCIE-16GB, 99, 1949, 16384, 228.10
1232.482,2026/08/12 16:09:43.964, 0, Tesla P100-PCIE-16GB, 99, 1949, 16384, 233.11
1237.511,2026/08/12 16:09:48.993, 0, Tesla P100-PCIE-16GB, 99, 1949, 16384, 227.34
1242.541,2026/08/12 16:09:54.023, 0, Tesla P100-PCIE-16GB, 99, 1949, 16384, 226.74
1247.571,2026/08/12 16:09:59.053, 0, Tesla P100-PCIE-16GB, 99, 1949, 16384, 220.85
1252.601,2026/08/12 16:10:04.082, 0, Tesla P100-PCIE-16GB, 99, 1949, 16384, 230.41
1257.631,2026/08/12 16:10:09.113, 0, Tesla P100-PCIE-16GB, 99, 1949, 16384, 233.47
1262.660,2026/08/12 16:10:14.142, 0, Tesla P100-PCIE-16GB, 99, 1949, 16384, 223.67
1267.690,2026/08/12 16:10:19.171, 0, Tesla P100-PCIE-16GB, 99, 1949, 16384, 221.70
1272.720,2026/08/12 16:10:24.202, 0, Tesla P100-PCIE-16GB, 99, 1949, 16384, 229.06
1277.749,2026/08/12 16:10:29.231, 0, Tesla P100-PCIE-16GB, 99, 1949, 16384, 229.30
1282.780,2026/08/12 16:10:34.261, 0, Tesla P100-PCIE-16GB, 99, 1949, 16384, 225.02
1287.809,2026/08/12 16:10:39.291, 0, Tesla P100-PCIE-16GB, 99, 1949, 16384, 228.70
1292.839,2026/08/12 16:10:44.321, 0, Tesla P100-PCIE-16GB, 99, 1949, 16384, 230.66
1297.869,2026/08/12 16:10:49.351, 0, Tesla P100-PCIE-16GB, 99, 1949, 16384, 226.15
1302.901,2026/08/12 16:10:54.382, 0, Tesla P100-PCIE-16GB, 99, 1949, 16384, 221.61
1307.931,2026/08/12 16:10:59.413, 0, Tesla P100-PCIE-16GB, 99, 1949, 16384, 229.53
1312.969,2026/08/12 16:11:04.450, 0, Tesla P100-PCIE-16GB, 99, 1949, 16384, 227.34
1317.999,2026/08/12 16:11:09.480, 0, Tesla P100-PCIE-16GB, 99, 1949, 16384, 226.98
1323.029,2026/08/12 16:11:14.511, 0, Tesla P100-PCIE-16GB, 99, 1949, 16384, 231.26
1328.059,2026/08/12 16:11:19.541, 0, Tesla P100-PCIE-16GB, 99, 1949, 16384, 224.51
1333.089,2026/08/12 16:11:24.570, 0, Tesla P100-PCIE-16GB, 99, 1949, 16384, 224.30
1338.118,2026/08/12 16:11:29.600, 0, Tesla P100-PCIE-16GB, 99, 1949, 16384, 229.92
1343.150,2026/08/12 16:11:34.630, 0, Tesla P100-PCIE-16GB, 100, 1949, 16384, 230.41
1348.183,2026/08/12 16:11:39.663, 0, Tesla P100-PCIE-16GB, 99, 1949, 16384, 232.73
1353.213,2026/08/12 16:11:44.695, 0, Tesla P100-PCIE-16GB, 99, 1949, 16384, 229.79
1358.244,2026/08/12 16:11:49.725, 0, Tesla P100-PCIE-16GB, 99, 1949, 16384, 226.74
1363.275,2026/08/12 16:11:54.756, 0, Tesla P100-PCIE-16GB, 99, 1949, 16384, 231.75
1368.306,2026/08/12 16:11:59.786, 0, Tesla P100-PCIE-16GB, 99, 1949, 16384, 229.30
1373.335,2026/08/12 16:12:04.817, 0, Tesla P100-PCIE-16GB, 99, 1949, 16384, 220.38
1378.367,2026/08/12 16:12:09.848, 0, Tesla P100-PCIE-16GB, 99, 1949, 16384, 228.70
1383.400,2026/08/12 16:12:14.879, 0, Tesla P100-PCIE-16GB, 99, 1949, 16384, 222.08
1388.431,2026/08/12 16:12:19.912, 0, Tesla P100-PCIE-16GB, 99, 1949, 16384, 223.81
1393.462,2026/08/12 16:12:24.944, 0, Tesla P100-PCIE-16GB, 99, 1949, 16384, 226.12
1398.492,2026/08/12 16:12:29.973, 0, Tesla P100-PCIE-16GB, 99, 1949, 16384, 231.26
1403.525,2026/08/12 16:12:35.004, 0, Tesla P100-PCIE-16GB, 99, 1949, 16384, 230.30
1408.556,2026/08/12 16:12:40.037, 0, Tesla P100-PCIE-16GB, 99, 1949, 16384, 229.06
1413.586,2026/08/12 16:12:45.067, 0, Tesla P100-PCIE-16GB, 99, 1949, 16384, 227.57
1418.617,2026/08/12 16:12:50.099, 0, Tesla P100-PCIE-16GB, 99, 1949, 16384, 228.57
1423.649,2026/08/12 16:12:55.129, 0, Tesla P100-PCIE-16GB, 99, 1949, 16384, 226.12
1428.679,2026/08/12 16:13:00.161, 0, Tesla P100-PCIE-16GB, 99, 1949, 16384, 233.47
1433.710,2026/08/12 16:13:05.191, 0, Tesla P100-PCIE-16GB, 99, 1949, 16384, 227.47
1438.740,2026/08/12 16:13:10.221, 0, Tesla P100-PCIE-16GB, 99, 1949, 16384, 228.57
1443.770,2026/08/12 16:13:15.251, 0, Tesla P100-PCIE-16GB, 99, 1949, 16384, 228.55
1448.799,2026/08/12 16:13:20.281, 0, Tesla P100-PCIE-16GB, 99, 1949, 16384, 224.40
1453.830,2026/08/12 16:13:25.310, 0, Tesla P100-PCIE-16GB, 99, 1949, 16384, 232.00
1458.864,2026/08/12 16:13:30.342, 0, Tesla P100-PCIE-16GB, 99, 1949, 16384, 224.77
1463.893,2026/08/12 16:13:35.375, 0, Tesla P100-PCIE-16GB, 99, 1949, 16384, 221.83
1468.923,2026/08/12 16:13:40.405, 0, Tesla P100-PCIE-16GB, 99, 1949, 16384, 227.34
1473.955,2026/08/12 16:13:45.435, 0, Tesla P100-PCIE-16GB, 99, 1949, 16384, 225.51
1478.986,2026/08/12 16:13:50.467, 0, Tesla P100-PCIE-16GB, 99, 1949, 16384, 228.41
